second;src;dst;packetcount;src_ratio;dst_ratio;src_duration_ratio;dst_duration_ratio;TotalPacketDuration;TotalPacketLenght;src_packet_ratio;dst_packet_ratio;DioCount;DisCount;DaoCount;OtherMsg;label
60.0;5;21;29;0.16763006;0.68786126;0.17453405;0.6498348;0.15900039672851562;2813;0.17712991;0.7268434;29;0;0;0;0
60.0;2;21;30;0.36416185;0.68786126;0.43907577;0.6498348;0.18599700927734375;2910;0.34116238;0.7268434;30;0;0;0;0
60.0;20;21;30;0.23699422;0.68786126;0.26893845;0.6498348;0.24000167846679688;2910;0.25061393;0.7268434;30;0;0;0;0
60.0;20;9;9;0.23699422;0.05202312;0.26893845;0.0043925582;0.004001617431640625;918;0.25061393;0.057804924;9;0;0;0;0
60.0;9;20;10;0.057803467;0.057803467;0.10976789;0.10976789;0.09999847412109375;760;0.04785593;0.04785593;0;0;10;0;0
60.0;8;21;30;0.1734104;0.68786126;0.0076838364;0.6498348;0.006999969482421875;2910;0.18323784;0.7268434;30;0;0;0;0
60.0;20;2;2;0.23699422;0.011560693;0.26893845;0.0010970928;0.00099945068359375;152;0.25061393;0.009571185;0;0;2;0;0
60.0;2;14;33;0.36416185;0.19075145;0.43907577;0.23490764;0.21400070190429688;2508;0.34116238;0.15792456;0;0;33;0;0
61.0;2;14;4;0.022988506;0.022988506;0.0084067285;0.0084067285;0.004001617431640625;304;0.020988677;0.020988677;0;0;4;0;0
61.0;12;21;30;0.1724138;0.3448276;0.0126141;0.035726592;0.00600433349609375;2910;0.20091134;0.4018227;30;0;0;0;0
61.0;14;10;24;0.13793103;0.13793103;0.24369895;0.24369895;0.11600112915039062;1824;0.12593207;0.12593207;0;0;24;0;0
61.0;9;21;30;0.1724138;0.3448276;0.023112493;0.035726592;0.0110015869140625;2910;0.20091134;0.4018227;30;0;0;0;0
61.0;10;0;29;0.16666667;0.16666667;0.27309448;0.27309448;0.12999343872070312;2204;0.15216792;0.15216792;0;0;29;0;0
61.0;3;8;34;0.1954023;0.1954023;0.22058646;0.22058646;0.10499954223632812;2584;0.17840375;0.17840375;0;0;34;0;0
61.0;8;6;23;0.13218391;0.13218391;0.21848679;0.21848679;0.10400009155273438;1748;0.12068489;0.12068489;0;0;23;0;0
62.0;8;6;14;0.029350106;0.029350106;0.0028747404;0.0028747404;0.00299835205078125;1064;0.028848762;0.028848762;0;0;14;0;0
62.0;6;19;11;0.023060797;0.023060797;0.001920151;0.001920151;0.002002716064453125;836;0.022666883;0.022666883;0;0;11;0;0
62.0;19;11;13;0.027253669;0.027253669;0.10258727;0.10258727;0.10699844360351562;988;0.026788136;0.026788136;0;0;13;0;0
62.0;11;9;198;0.41509435;0.41509435;0.14764315;0.14764315;0.15399169921875;15048;0.4080039;0.4080039;0;0;198;0;0
62.0;13;21;30;0.062893085;0.062893085;0.005753138;0.005753138;0.006000518798828125;2910;0.07890028;0.07890028;30;0;0;0;0
62.0;9;20;26;0.054507338;0.054507338;0.12080493;0.12080493;0.12599945068359375;1976;0.053576272;0.053576272;0;0;26;0;0
62.0;20;2;2;0.004192872;0.004192872;0.0;0.0;0.0;152;0.0041212514;0.0041212514;0;0;2;0;0
62.0;2;14;183;0.3836478;0.3836478;0.6184166;0.6184166;0.6450080871582031;13908;0.3770945;0.3770945;0;0;183;0;0
63.0;2;14;68;0.23776224;0.23776224;0.24219938;0.24219938;0.1240081787109375;5168;0.23776224;0.23776224;0;0;68;0;0
63.0;11;9;14;0.04895105;0.09440559;0.007808076;0.2304649;0.003997802734375;1064;0.04895105;0.09440559;0;0;14;0;0
63.0;14;10;26;0.09090909;0.09090909;0.017583072;0.017583072;0.009002685546875;1976;0.09090909;0.09090909;0;0;26;0;0
63.0;10;0;52;0.18181819;0.18181819;0.24023245;0.24023245;0.1230010986328125;3952;0.18181819;0.18181819;0;0;52;0;0
63.0;5;9;13;0.045454547;0.09440559;0.22265683;0.2304649;0.11400222778320312;988;0.045454547;0.09440559;0;0;13;0;0
63.0;9;20;25;0.08741259;0.08741259;0.015623603;0.015623603;0.007999420166015625;1900;0.08741259;0.08741259;0;0;25;0;0
63.0;13;12;35;0.12237762;0.12237762;0.2304649;0.2304649;0.11800003051757812;2660;0.12237762;0.12237762;0;0;35;0;0
63.0;20;2;2;0.006993007;0.006993007;0.0;0.0;0.0;152;0.006993007;0.006993007;0;0;2;0;0
63.0;12;8;19;0.066433564;0.066433564;0.007808076;0.007808076;0.003997802734375;1444;0.066433564;0.066433564;0;0;19;0;0
63.0;8;6;31;0.108391605;0.108391605;0.015623603;0.015623603;0.007999420166015625;2356;0.108391605;0.108391605;0;0;31;0;0
63.0;6;19;1;0.0034965035;0.0034965035;0.0;0.0;0.0;76;0.0034965035;0.0034965035;0;0;1;0;0
64.0;6;19;10;0.09615385;0.09615385;0.7351723;0.7351723;0.7190017700195312;760;0.09615385;0.09615385;0;0;10;0;0
64.0;10;0;4;0.03846154;0.03846154;0.0030657856;0.0030657856;0.00299835205078125;304;0.03846154;0.03846154;0;0;4;0;0
64.0;19;11;13;0.125;0.125;0.005117444;0.005117444;0.0050048828125;988;0.125;0.125;0;0;13;0;0
64.0;11;9;31;0.29807693;0.29807693;0.009197357;0.009197357;0.00899505615234375;2356;0.29807693;0.29807693;0;0;31;0;0
64.0;9;20;26;0.25;0.25;0.12781128;0.12781128;0.125;1976;0.25;0.25;0;0;26;0;0
64.0;20;2;2;0.01923077;0.01923077;0.0010297295;0.0010297295;0.001007080078125;152;0.01923077;0.01923077;0;0;2;0;0
64.0;2;14;18;0.17307693;0.17307693;0.11860612;0.11860612;0.115997314453125;1368;0.17307693;0.17307693;0;0;18;0;0
65.0;2;14;19;0.13669065;0.13669065;0.0059314263;0.0059314263;0.003997802734375;1444;0.124654695;0.124654695;0;0;19;0;0
65.0;14;10;13;0.09352518;0.09352518;0.17507896;0.17507896;0.11800384521484375;988;0.08529005;0.08529005;0;0;13;0;0
65.0;10;0;28;0.20143884;0.20143884;0.0074142828;0.0074142828;0.00499725341796875;2128;0.18370166;0.18370166;0;0;28;0;0
65.0;12;3;15;0.107913665;0.107913665;0.0074256025;0.0074256025;0.0050048828125;1530;0.13207872;0.13207872;15;0;0;0;0
65.0;15;21;30;0.38129497;0.21582733;0.6528191;0.50444293;0.339996337890625;2910;0.40210634;0.25120857;30;0;0;0;0
65.0;15;13;23;0.38129497;0.16546762;0.6528191;0.14837621;0.100006103515625;1748;0.40210634;0.15089779;0;0;23;0;0
65.0;13;12;11;0.07913669;0.07913669;0.1513306;0.1513306;0.10199737548828125;836;0.07216851;0.07216851;0;0;11;0;0
66.0;13;12;22;0.08527132;0.08527132;0.007648891;0.007648891;0.0059967041015625;1672;0.08527132;0.08527132;0;0;22;0;0
66.0;12;8;19;0.07364341;0.07364341;0.0038341768;0.0038341768;0.0030059814453125;1444;0.07364341;0.07364341;0;0;19;0;0
66.0;8;6;30;0.11627907;0.11627907;0.14158233;0.14158233;0.11100006103515625;2280;0.11627907;0.11627907;0;0;30;0;0
66.0;6;19;11;0.04263566;0.04263566;0.1479564;0.1479564;0.115997314453125;836;0.04263566;0.04263566;0;0;11;0;0
66.0;19;11;13;0.0503876;0.0503876;0.0038244454;0.0038244454;0.00299835205078125;988;0.0503876;0.0503876;0;0;13;0;0
66.0;11;9;30;0.11627907;0.11627907;0.15688984;0.15688984;0.1230010986328125;2280;0.11627907;0.11627907;0;0;30;0;0
66.0;9;20;26;0.1007752;0.1007752;0.010208252;0.010208252;0.00800323486328125;1976;0.1007752;0.1007752;0;0;26;0;0
66.0;20;2;2;0.007751938;0.007751938;0.0;0.0;0.0;152;0.007751938;0.007751938;0;0;2;0;0
66.0;2;14;36;0.13953489;0.13953489;0.20152783;0.20152783;0.15799713134765625;2736;0.13953489;0.13953489;0;0;36;0;0
66.0;14;10;12;0.046511628;0.046511628;0.0038244454;0.0038244454;0.00299835205078125;912;0.046511628;0.046511628;0;0;12;0;0
66.0;10;0;28;0.10852713;0.10852713;0.0127578825;0.0127578825;0.01000213623046875;2128;0.10852713;0.10852713;0;0;28;0;0
66.0;16;15;29;0.1124031;0.1124031;0.3099455;0.3099455;0.2429962158203125;2204;0.1124031;0.1124031;0;0;29;0;0
67.0;16;15;10;0.047393367;0.047393367;0.4040823;0.4040823;0.35599517822265625;760;0.0472079;0.0472079;0;0;10;0;0
67.0;15;13;34;0.16113745;0.16113745;0.1407503;0.1407503;0.12400054931640625;2584;0.16050686;0.16050686;0;0;34;0;0
67.0;13;12;33;0.1563981;0.1563981;0.014756569;0.014756569;0.01300048828125;2508;0.15578607;0.15578607;0;0;33;0;0
67.0;12;8;19;0.0900474;0.0900474;0.006815387;0.006815387;0.00600433349609375;1444;0.089695014;0.089695014;0;0;19;0;0
67.0;8;6;31;0.14691943;0.14691943;0.1384814;0.1384814;0.12200164794921875;2356;0.1463445;0.1463445;0;0;31;0;0
67.0;6;19;11;0.06635071;0.0521327;0.14869148;0.0056722728;0.00499725341796875;836;0.07000435;0.05192869;0;0;11;0;0
67.0;19;11;13;0.061611373;0.061611373;0.002268909;0.002268909;0.0019989013671875;988;0.061370272;0.061370272;0;0;13;0;0
67.0;11;9;31;0.14691943;0.14691943;0.1384814;0.1384814;0.12200164794921875;2356;0.1463445;0.1463445;0;0;31;0;0
67.0;9;20;26;0.123222746;0.123222746;0.0056722728;0.0056722728;0.00499725341796875;1976;0.122740544;0.122740544;0;0;26;0;0
67.0;6;21;3;0.06635071;0.014218009;0.14869148;0.14301921;0.12599945068359375;291;0.07000435;0.018075656;3;0;0;0;0
68.0;6;21;27;0.12796208;0.27014217;0.11669278;0.5901737;0.12100982666015625;2619;0.15197586;0.32083791;27;0;0;0;0
68.0;20;2;76;0.3601896;0.3601896;0.018312108;0.018312108;0.01898956298828125;5776;0.3351709;0.3351709;0;0;76;0;0
68.0;2;14;36;0.17061612;0.17061612;0.122468196;0.122468196;0.1269989013671875;2736;0.15876517;0.15876517;0;0;36;0;0
68.0;14;10;13;0.061611373;0.061611373;0.0028913855;0.0028913855;0.00299835205078125;988;0.057331864;0.057331864;0;0;13;0;0
68.0;10;0;29;0.13744076;0.13744076;0.26615462;0.26615462;0.2760009765625;2204;0.12789416;0.12789416;0;0;29;0;0
68.0;1;21;30;0.1421801;0.27014217;0.4734809;0.5901737;0.490997314453125;2910;0.16886206;0.32083791;30;0;0;0;0
69.0;16;21;30;0.25;0.59166664;0.3374545;0.7478357;0.27300262451171875;2910;0.24484645;0.5794699;30;0;0;0;0
69.0;3;21;30;0.475;0.59166664;0.4239801;0.7478357;0.23799896240234375;2910;0.4765671;0.5794699;30;0;0;0;0
69.0;1;18;19;0.15833333;0.15833333;0.11990041;0.11990041;0.0970001220703125;1938;0.16306268;0.16306268;19;0;0;0;0
69.0;10;14;3;0.025;0.025;0.0024708123;0.0024708123;0.0019989013671875;306;0.02574674;0.02574674;3;0;0;0;0
69.0;3;12;27;0.475;0.225;0.4239801;0.1297931;0.10500335693359375;2754;0.4765671;0.23172066;27;0;0;0;0
69.0;18;21;11;0.09166667;0.59166664;0.116194196;0.7478357;0.09400177001953125;1067;0.08977703;0.5794699;11;0;0;0;0
70.0;18;21;19;0.07876712;0.06506849;0.17893308;0.17553744;0.154998779296875;1843;0.09438607;0.081021674;19;0;0;0;0
70.0;15;16;6;0.14041096;0.034246575;0.12797228;0.0067913183;0.00299835205078125;612;0.14384314;0.040269047;6;0;0;0;0
70.0;18;16;4;0.07876712;0.034246575;0.17893308;0.0067913183;0.00299835205078125;304;0.09438607;0.040269047;0;0;4;0;0
70.0;16;15;27;0.09246575;0.09246575;0.115521535;0.115521535;0.1020050048828125;2052;0.0902097;0.0902097;0;0;27;0;0
70.0;15;13;35;0.14041096;0.11986301;0.12797228;0.12457662;0.1100006103515625;2660;0.14384314;0.116938494;0;0;35;0;0
70.0;13;12;33;0.1130137;0.1130137;0.12910417;0.12910417;0.1139984130859375;2508;0.1102563;0.1102563;0;0;33;0;0
70.0;12;8;19;0.06506849;0.06506849;0.0045275455;0.0045275455;0.003997802734375;1444;0.0634809;0.0634809;0;0;19;0;0
70.0;8;6;31;0.10616438;0.10616438;0.13929978;0.13929978;0.1230010986328125;2356;0.1035741;0.1035741;0;0;31;0;0
70.0;6;19;46;0.15753424;0.15753424;0.14608246;0.14608246;0.12899017333984375;3496;0.15369059;0.15369059;0;0;46;0;0
70.0;14;10;34;0.11643836;0.11643836;0.011336144;0.011336144;0.010009765625;2584;0.1135974;0.1135974;0;0;34;0;0
70.0;10;0;24;0.08219178;0.08219178;0.14382733;0.14382733;0.1269989013671875;1824;0.0801864;0.0801864;0;0;24;0;0
70.0;19;11;14;0.047945205;0.047945205;0.0033956592;0.0033956592;0.00299835205078125;1064;0.0467754;0.0467754;0;0;14;0;0
71.0;10;0;5;0.014084507;0.014084507;0.0155100655;0.0155100655;0.0160064697265625;380;0.012591954;0.012591954;0;0;5;0;0
71.0;11;9;31;0.08732394;0.08732394;0.30328906;0.30328906;0.31299591064453125;2356;0.07807012;0.07807012;0;0;31;0;0
71.0;9;20;97;0.27323943;0.27323943;0.2577569;0.2577569;0.2660064697265625;7372;0.24428391;0.24428391;0;0;97;0;0
71.0;19;6;123;0.34647888;0.34647888;0.37402323;0.37402323;0.38599395751953125;12546;0.4157333;0.4157333;123;0;0;0;0
71.0;14;10;28;0.07887324;0.07887324;0.03391071;0.03391071;0.03499603271484375;2128;0.07051495;0.07051495;0;0;28;0;0
71.0;20;2;2;0.0056338026;0.0056338026;0.0;0.0;0.0;152;0.0050367815;0.0050367815;0;0;2;0;0
71.0;2;14;69;0.1943662;0.1943662;0.0155100655;0.0155100655;0.0160064697265625;5244;0.17376897;0.17376897;0;0;69;0;0
72.0;19;6;8;0.028880866;0.028880866;0.0038001856;0.0038001856;0.00299835205078125;816;0.038381938;0.038381938;8;0;0;0;0
72.0;2;14;84;0.3032491;0.3032491;0.54625976;0.54625976;0.430999755859375;6384;0.3002822;0.3002822;0;0;84;0;0
72.0;14;10;70;0.25270757;0.25270757;0.16603814;0.16603814;0.13100433349609375;5320;0.25023517;0.25023517;0;0;70;0;0
72.0;10;0;66;0.23826715;0.23826715;0.14068423;0.14068423;0.11100006103515625;5016;0.23593603;0.23593603;0;0;66;0;0
72.0;1;18;9;0.032490976;0.032490976;0.0038001856;0.0038001856;0.00299835205078125;684;0.032173093;0.032173093;0;0;9;0;0
72.0;18;16;23;0.08303249;0.08303249;0.00887677;0.00887677;0.0070037841796875;1748;0.08222013;0.08222013;0;0;23;0;0
72.0;16;15;17;0.06137184;0.06137184;0.13054073;0.13054073;0.102996826171875;1292;0.060771402;0.060771402;0;0;17;0;0
73.0;16;15;10;0.030959751;0.030959751;0.003896519;0.003896519;0.003997802734375;760;0.030959751;0.030959751;0;0;10;0;0
73.0;15;13;35;0.108359136;0.108359136;0.005852215;0.005852215;0.00600433349609375;2660;0.108359136;0.108359136;0;0;35;0;0
73.0;13;12;33;0.10216718;0.10216718;0.007793038;0.007793038;0.00799560546875;2508;0.10216718;0.10216718;0;0;33;0;0
73.0;12;8;19;0.05882353;0.05882353;0.11891076;0.11891076;0.12200164794921875;1444;0.05882353;0.05882353;0;0;19;0;0
73.0;8;6;31;0.095975235;0.095975235;0.121833146;0.121833146;0.125;2356;0.095975235;0.095975235;0;0;31;0;0
73.0;6;19;11;0.03405573;0.03405573;0.0029223894;0.0029223894;0.00299835205078125;836;0.03405573;0.03405573;0;0;11;0;0
73.0;19;11;13;0.04024768;0.04024768;0.0029223894;0.0029223894;0.00299835205078125;988;0.04024768;0.04024768;0;0;13;0;0
73.0;11;9;30;0.09287926;0.09287926;0.11891076;0.11891076;0.12200164794921875;2280;0.09287926;0.09287926;0;0;30;0;0
73.0;9;20;26;0.08049536;0.08049536;0.004878085;0.004878085;0.0050048828125;1976;0.08049536;0.08049536;0;0;26;0;0
73.0;20;2;39;0.120743036;0.120743036;0.12085902;0.12085902;0.12400054931640625;2964;0.120743036;0.120743036;0;0;39;0;0
73.0;2;14;36;0.111455105;0.111455105;0.11598093;0.11598093;0.11899566650390625;2736;0.111455105;0.111455105;0;0;36;0;0
73.0;14;10;12;0.0371517;0.0371517;0.0019482595;0.0019482595;0.0019989013671875;912;0.0371517;0.0371517;0;0;12;0;0
73.0;10;0;28;0.086687304;0.086687304;0.37329248;0.37329248;0.38299560546875;2128;0.086687304;0.086687304;0;0;28;0;0
74.0;2;20;11;1.0;1.0;1.0;1.0;0.0890045166015625;1122;1.0;1.0;11;0;0;0;0
75.0;16;18;11;1.0;1.0;1.0;1.0;0.08899688720703125;1122;1.0;1.0;11;0;0;0;0
76.0;6;8;7;0.13725491;0.13725491;0.49204746;0.49204746;0.09299468994140625;714;0.13725491;0.13725491;7;0;0;0;0
76.0;17;7;15;0.29411766;0.29411766;0.44974163;0.44974163;0.08499908447265625;1530;0.29411766;0.29411766;15;0;0;0;0
76.0;9;11;5;0.09803922;0.09803922;0.015864685;0.015864685;0.00299835205078125;510;0.09803922;0.09803922;5;0;0;0;0
76.0;5;9;24;0.47058824;0.47058824;0.042346198;0.042346198;0.00800323486328125;2448;0.47058824;0.47058824;24;0;0;0;0
77.0;11;9;26;0.1625;0.1625;0.1551689;0.1551689;0.0989990234375;1976;0.15551707;0.15551707;0;0;26;0;0
77.0;9;20;26;0.1625;0.1625;0.15986846;0.15986846;0.10199737548828125;1976;0.15551707;0.15551707;0;0;26;0;0
77.0;20;2;39;0.24375;0.3625;0.1771121;0.6661405;0.11299896240234375;2964;0.23327562;0.38580197;0;0;39;0;0
77.0;2;14;36;0.225;0.225;0.010977578;0.010977578;0.0070037841796875;2736;0.21533135;0.21533135;0;0;36;0;0
77.0;14;10;12;0.19375;0.075;0.4937399;0.0047115097;0.0030059814453125;912;0.22430348;0.07177711;0;0;12;0;0
77.0;18;1;2;0.0125;0.0125;0.0031330343;0.0031330343;0.0019989013671875;204;0.016055407;0.016055407;2;0;0;0;0
77.0;14;2;19;0.19375;0.3625;0.4937399;0.6661405;0.31200408935546875;1938;0.22430348;0.38580197;19;0;0;0;0
78.0;2;14;6;0.08;0.08;0.33564773;0.33564773;0.0970001220703125;456;0.07093964;0.07093964;0;0;6;0;0
78.0;14;10;12;0.16;0.16;0.010375142;0.010375142;0.00299835205078125;912;0.14187928;0.14187928;0;0;12;0;0
78.0;10;0;29;0.38666666;0.38666666;0.3218142;0.3218142;0.0930023193359375;2204;0.3428749;0.3428749;0;0;29;0;0
78.0;4;7;28;0.37333333;0.37333333;0.33216295;0.33216295;0.0959930419921875;2856;0.44430616;0.44430616;28;0;0;0;0
79.0;0;21;30;0.38961038;0.38961038;0.5054025;0.5054025;0.1869964599609375;2910;0.42996454;0.42996454;30;0;0;0;0
79.0;20;9;11;0.14285715;0.14285715;0.22702904;0.22702904;0.0839996337890625;1122;0.16578014;0.16578014;11;0;0;0;0
79.0;10;0;36;0.46753246;0.46753246;0.26756847;0.26756847;0.0989990234375;2736;0.40425533;0.40425533;0;0;36;0;0
80.0;17;0;18;1.0;1.0;1.0;1.0;0.0839996337890625;1368;1.0;1.0;0;0;18;0;0
81.0;11;19;15;0.55263156;0.19736843;0.37863415;0.27293915;0.2350006103515625;1530;0.54470265;0.20086648;15;0;0;0;0
81.0;13;15;22;0.28947368;0.28947368;0.009286417;0.009286417;0.00799560546875;2244;0.29460418;0.29460418;22;0;0;0;0
81.0;7;4;12;0.15789473;0.15789473;0.61207944;0.61207944;0.5270004272460938;1224;0.16069318;0.16069318;12;0;0;0;0
81.0;11;21;27;0.55263156;0.35526314;0.37863415;0.10569502;0.09100341796875;2619;0.54470265;0.34383616;27;0;0;0;0
82.0;11;21;3;0.22222222;0.019607844;0.43344444;0.2576815;0.1510009765625;291;0.22641347;0.024890942;3;0;0;0;0
82.0;19;11;13;0.08496732;0.08496732;0.16552964;0.16552964;0.0970001220703125;988;0.084509455;0.084509455;0;0;13;0;0
82.0;11;9;31;0.22222222;0.20261438;0.43344444;0.17576294;0.102996826171875;2356;0.22641347;0.20152254;0;0;31;0;0
82.0;9;20;26;0.16993465;0.16993465;0.010246328;0.010246328;0.00600433349609375;1976;0.16901891;0.16901891;0;0;26;0;0
82.0;20;2;2;0.013071896;0.013071896;0.0;0.0;0.0;152;0.013001454;0.013001454;0;0;2;0;0
82.0;2;14;37;0.24183007;0.24183007;0.18942037;0.18942037;0.11100006103515625;2812;0.2405269;0.2405269;0;0;37;0;0
82.0;14;10;12;0.078431375;0.078431375;0.19112593;0.19112593;0.11199951171875;912;0.078008726;0.078008726;0;0;12;0;0
82.0;10;0;29;0.18954249;0.18954249;0.010233309;0.010233309;0.0059967041015625;2204;0.18852109;0.18852109;0;0;29;0;0
83.0;8;3;4;0.0625;0.0625;0.10287875;0.10287875;0.0930023193359375;408;0.0655106;0.0655106;4;0;0;0;0
83.0;19;21;30;0.46875;0.9375;0.35951015;0.89712125;0.3249969482421875;2910;0.4672447;0.9344894;30;0;0;0;0
83.0;4;21;30;0.46875;0.9375;0.53761107;0.89712125;0.48600006103515625;2910;0.4672447;0.9344894;30;0;0;0;0
84.0;6;19;9;0.056603774;0.056603774;0.17391604;0.17391604;0.09600067138671875;684;0.056603774;0.056603774;0;0;9;0;0
84.0;19;11;13;0.08176101;0.08176101;0.0072424705;0.0072424705;0.003997802734375;988;0.08176101;0.08176101;0;0;13;0;0
84.0;11;9;31;0.19496855;0.19496855;0.1793479;0.1793479;0.0989990234375;2356;0.19496855;0.19496855;0;0;31;0;0
84.0;9;20;26;0.16352202;0.16352202;0.19927852;0.19927852;0.1100006103515625;1976;0.16352202;0.16352202;0;0;26;0;0
84.0;20;2;2;0.012578616;0.012578616;0.0018106176;0.0018106176;0.00099945068359375;152;0.012578616;0.012578616;0;0;2;0;0
84.0;2;14;37;0.2327044;0.2327044;0.2173847;0.2173847;0.1199951171875;2812;0.2327044;0.2327044;0;0;37;0;0
84.0;14;10;12;0.0754717;0.0754717;0.0054318532;0.0054318532;0.00299835205078125;912;0.0754717;0.0754717;0;0;12;0;0
84.0;10;0;29;0.18238993;0.18238993;0.2155879;0.2155879;0.1190032958984375;2204;0.18238993;0.18238993;0;0;29;0;0
85.0;2;20;20;0.25;0.25;0.2746915;0.2746915;0.24200439453125;2040;0.259542;0.259542;20;0;0;0;0
85.0;5;21;30;0.375;0.75;0.2088504;0.72530854;0.18399810791015625;2910;0.370229;0.740458;30;0;0;0;0
85.0;14;21;30;0.375;0.75;0.5164581;0.72530854;0.4550018310546875;2910;0.370229;0.740458;30;0;0;0;0
86.0;20;2;11;0.07746479;0.07746479;0.123270184;0.123270184;0.09799957275390625;836;0.070222594;0.070222594;0;0;11;0;0
86.0;2;14;37;0.26056337;0.26056337;0.13332757;0.13332757;0.10599517822265625;2812;0.23620328;0.23620328;0;0;37;0;0
86.0;14;10;12;0.08450704;0.08450704;0.0037715207;0.0037715207;0.00299835205078125;912;0.07660647;0.07660647;0;0;12;0;0
86.0;10;0;29;0.20422535;0.20422535;0.12830848;0.12830848;0.1020050048828125;2204;0.1851323;0.1851323;0;0;29;0;0
86.0;6;21;30;0.2112676;0.37323943;0.25031188;0.6113222;0.19899749755859375;2910;0.24443512;0.43183535;30;0;0;0;0
86.0;17;21;23;0.16197184;0.37323943;0.36101034;0.6113222;0.2870025634765625;2231;0.18740025;0.43183535;23;0;0;0;0
87.0;17;21;7;0.73333335;0.46666667;0.87704414;0.8756788;0.6409988403320312;679;0.76379174;0.52758354;7;0;0;0;0
87.0;7;17;4;0.26666668;0.26666668;0.12295586;0.12295586;0.09000396728515625;304;0.23620823;0.23620823;0;0;4;0;0
87.0;17;0;4;0.73333335;0.26666668;0.87704414;0.0013653656;0.00099945068359375;304;0.76379174;0.23620823;0;0;4;0;0
88.0;7;21;30;0.13761468;0.13761468;0.27066624;0.27066624;0.095001220703125;2910;0.16920573;0.16920573;30;0;0;0;0
88.0;4;17;18;0.08256881;0.08256881;0.011390067;0.011390067;0.003997802734375;1368;0.079544134;0.079544134;0;0;18;0;0
88.0;17;0;4;0.018348623;0.018348623;0.0056950334;0.0056950334;0.0019989013671875;304;0.017676475;0.017676475;0;0;4;0;0
88.0;8;6;34;0.1559633;0.1559633;0.29629388;0.29629388;0.10399627685546875;2584;0.15025003;0.15025003;0;0;34;0;0
88.0;6;19;11;0.050458714;0.050458714;0.00854255;0.00854255;0.00299835205078125;836;0.048610304;0.048610304;0;0;11;0;0
88.0;19;11;13;0.059633028;0.059633028;0.011411803;0.011411803;0.00400543212890625;988;0.05744854;0.05744854;0;0;13;0;0
88.0;11;9;31;0.14220184;0.14220184;0.0170851;0.0170851;0.0059967041015625;2356;0.13699268;0.13699268;0;0;31;0;0
88.0;9;20;26;0.119266056;0.119266056;0.022780133;0.022780133;0.00799560546875;1976;0.11489708;0.11489708;0;0;26;0;0
88.0;20;2;2;0.0091743115;0.0091743115;0.0;0.0;0.0;152;0.008838237;0.008838237;0;0;2;0;0
88.0;2;14;37;0.16972478;0.16972478;0.34759265;0.34759265;0.12200164794921875;2812;0.16350739;0.16350739;0;0;37;0;0
88.0;14;10;12;0.055045873;0.055045873;0.00854255;0.00854255;0.00299835205078125;912;0.05302942;0.05302942;0;0;12;0;0
89.0;10;0;29;0.68421054;0.50877196;0.49858952;0.019597366;0.00699615478515625;2204;0.64512193;0.44796747;0;0;29;0;0
89.0;20;21;18;0.31578946;0.49122807;0.5014105;0.98040265;0.1790008544921875;1746;0.35487804;0.55203253;18;0;0;0;0
89.0;10;21;10;0.68421054;0.49122807;0.49858952;0.98040265;0.17099761962890625;970;0.64512193;0.55203253;10;0;0;0;0
90.0;20;21;12;0.19354838;1.0;0.25845936;1.0;0.27500152587890625;1164;0.19354838;1.0;12;0;0;0;0
90.0;10;21;20;0.32258064;1.0;0.1851557;1.0;0.1970062255859375;1940;0.32258064;1.0;20;0;0;0;0
90.0;16;21;30;0.48387095;1.0;0.5563849;1.0;0.5919952392578125;2910;0.48387095;1.0;30;0;0;0;0
91.0;9;21;30;0.25170067;0.40816328;0.30542576;0.6449652;0.19300079345703125;2910;0.27686614;0.4681467;30;0;0;0;0
91.0;18;21;30;0.20408164;0.40816328;0.34573758;0.6449652;0.22299957275390625;2910;0.23407336;0.4681467;30;0;0;0;0
91.0;9;20;7;0.25170067;0.04761905;0.30542576;0.006198176;0.003997802734375;532;0.27686614;0.042792793;0;0;7;0;0
91.0;20;2;2;0.013605442;0.013605442;0.001549544;0.001549544;0.00099945068359375;152;0.012226513;0.012226513;0;0;2;0;0
91.0;2;14;37;0.25170067;0.25170067;0.17675447;0.17675447;0.11400604248046875;2812;0.22619048;0.22619048;0;0;37;0;0
91.0;14;10;12;0.08163265;0.08163265;0.006198176;0.006198176;0.003997802734375;912;0.07335907;0.07335907;0;0;12;0;0
91.0;10;0;29;0.19727892;0.19727892;0.16433446;0.16433446;0.10599517822265625;2204;0.17728443;0.17728443;0;0;29;0;0
92.0;5;9;13;0.078313254;0.078313254;0.12696353;0.12696353;0.0970001220703125;988;0.07251909;0.07251909;0;0;13;0;0
92.0;9;20;25;0.15060242;0.15060242;0.13219625;0.13219625;0.1009979248046875;1900;0.13945977;0.13945977;0;0;25;0;0
92.0;20;2;2;0.012048192;0.012048192;0.0;0.0;0.0;152;0.0111567825;0.0111567825;0;0;2;0;0
92.0;2;14;36;0.3253012;0.21686748;0.25916976;0.13874714;0.1060028076171875;2736;0.32897827;0.20082209;0;0;36;0;0
92.0;14;10;13;0.078313254;0.078313254;0.0052327267;0.0052327267;0.003997802734375;988;0.07251909;0.07251909;0;0;13;0;0
92.0;10;0;29;0.1746988;0.1746988;0.14790441;0.14790441;0.11299896240234375;2204;0.16177334;0.16177334;0;0;29;0;0
92.0;1;21;30;0.18072289;0.28915662;0.32853335;0.44895595;0.25099945068359375;2910;0.21359366;0.34174985;30;0;0;0;0
92.0;2;21;18;0.3253012;0.28915662;0.25916976;0.44895595;0.09200286865234375;1746;0.32897827;0.34174985;18;0;0;0;0
93.0;2;21;12;0.29268292;0.29268292;0.6602674;0.6602674;0.34400177001953125;1164;0.2823872;0.2823872;12;0;0;0;0
93.0;15;16;8;0.19512194;0.19512194;0.16889982;0.16889982;0.0879974365234375;816;0.19796215;0.19796215;8;0;0;0;0
93.0;4;7;21;0.5121951;0.5121951;0.17083278;0.17083278;0.0890045166015625;2142;0.51965064;0.51965064;21;0;0;0;0
94.0;3;21;30;0.46875;0.46875;0.7692157;0.7692157;0.32999420166015625;2910;0.45625588;0.45625588;30;0;0;0;0
94.0;5;9;5;0.078125;0.078125;0.0046594343;0.0046594343;0.0019989013671875;510;0.07996237;0.07996237;5;0;0;0;0
94.0;12;3;28;0.4375;0.4375;0.018655522;0.018655522;0.00800323486328125;2856;0.44778928;0.44778928;28;0;0;0;0
94.0;19;6;1;0.015625;0.015625;0.20746933;0.20746933;0.0890045166015625;102;0.015992474;0.015992474;1;0;0;0;0
95.0;19;6;27;0.3068182;0.3068182;0.013909113;0.013909113;0.00699615478515625;2754;0.31203264;0.31203264;27;0;0;0;0
95.0;12;21;30;0.3409091;0.3409091;0.79125714;0.79125714;0.3979949951171875;2910;0.32970768;0.32970768;30;0;0;0;0
95.0;1;18;31;0.35227272;0.35227272;0.19483376;0.19483376;0.09799957275390625;3162;0.35825968;0.35825968;31;0;0;0;0
96.0;15;21;30;0.30927834;0.6185567;0.12982722;0.87146723;0.10100555419921875;2910;0.30331457;0.60662913;30;0;0;0;0
96.0;6;8;9;0.0927835;0.0927835;0.0038539236;0.0038539236;0.00299835205078125;918;0.095684804;0.095684804;9;0;0;0;0
96.0;17;4;28;0.28865978;0.28865978;0.12467884;0.12467884;0.0970001220703125;2856;0.29768604;0.29768604;28;0;0;0;0
96.0;8;21;30;0.30927834;0.6185567;0.74164003;0.87146723;0.576995849609375;2910;0.30331457;0.60662913;30;0;0;0;0
97.0;3;8;23;0.06216216;0.075675674;0.11547203;0.11662614;0.09999847412109375;1748;0.0608;0.07401739;0;0;23;0;0
97.0;8;6;133;0.35945946;0.35945946;0.2829228;0.2829228;0.2450103759765625;10108;0.35158262;0.35158262;0;0;133;0;0
97.0;13;21;30;0.08108108;0.08108108;0.13625471;0.13625471;0.1179962158203125;2910;0.10121739;0.10121739;30;0;0;0;0
97.0;6;19;22;0.05945946;0.05945946;0.0057705184;0.0057705184;0.00499725341796875;1672;0.05815652;0.05815652;0;0;22;0;0
97.0;19;11;26;0.07027027;0.07027027;0.009232829;0.009232829;0.00799560546875;1976;0.068730436;0.068730436;0;0;26;0;0
97.0;11;9;30;0.08108108;0.08108108;0.14549635;0.14549635;0.12599945068359375;2280;0.079304345;0.079304345;0;0;30;0;0
97.0;9;20;26;0.07027027;0.07027027;0.006924622;0.006924622;0.0059967041015625;1976;0.068730436;0.068730436;0;0;26;0;0
97.0;12;8;5;0.013513514;0.075675674;0.0011541037;0.11662614;0.00099945068359375;380;0.013217391;0.07401739;0;0;5;0;0
97.0;20;2;2;0.0054054055;0.0054054055;0.0023082073;0.0023082073;0.0019989013671875;152;0.0052869567;0.0052869567;0;0;2;0;0
97.0;2;14;37;0.1;0.1;0.15472919;0.15472919;0.13399505615234375;2812;0.0978087;0.0978087;0;0;37;0;0
97.0;14;10;12;0.032432433;0.032432433;0.0023170174;0.0023170174;0.00200653076171875;912;0.03172174;0.03172174;0;0;12;0;0
97.0;10;0;24;0.06486487;0.06486487;0.13741763;0.13741763;0.1190032958984375;1824;0.06344348;0.06344348;0;0;24;0;0
98.0;10;0;5;0.041322313;0.041322313;0.002373984;0.002373984;0.0019989013671875;380;0.041322313;0.041322313;0;0;5;0;0
98.0;11;9;31;0.25619835;0.25619835;0.7042759;0.7042759;0.5930023193359375;2356;0.25619835;0.25619835;0;0;31;0;0
98.0;9;20;24;0.1983471;0.1983471;0.007131013;0.007131013;0.00600433349609375;1824;0.1983471;0.1983471;0;0;24;0;0
98.0;20;2;38;0.3140496;0.3140496;0.14013755;0.14013755;0.1179962158203125;2888;0.3140496;0.3140496;0;0;38;0;0
98.0;2;14;23;0.19008264;0.19008264;0.14608157;0.14608157;0.1230010986328125;1748;0.19008264;0.19008264;0;0;23;0;0
99.0;2;14;14;0.25;0.25;0.023424927;0.023424927;0.00299835205078125;1064;0.25;0.25;0;0;14;0;0
99.0;14;10;13;0.23214285;0.23214285;0.031233236;0.031233236;0.003997802734375;988;0.23214285;0.23214285;0;0;13;0;0
99.0;10;0;29;0.51785713;0.51785713;0.9453418;0.9453418;0.121002197265625;2204;0.51785713;0.51785713;0;0;29;0;0
100.0;8;3;25;0.75757575;0.75757575;0.16026646;0.16026646;0.09600067138671875;2550;0.75757575;0.75757575;25;0;0;0;0
100.0;10;14;8;0.24242425;0.24242425;0.83973354;0.83973354;0.5030059814453125;816;0.24242425;0.24242425;8;0;0;0;0
101.0;14;10;15;0.3409091;0.3409091;0.047855884;0.047855884;0.09499359130859375;1140;0.3409091;0.3409091;0;0;15;0;0
101.0;10;0;29;0.65909094;0.65909094;0.95214415;0.95214415;1.8899993896484375;2204;0.65909094;0.65909094;0;0;29;0;0
103.0;3;12;4;0.6666667;0.6666667;1.0;1.0;0.08600616455078125;408;0.6666667;0.6666667;4;0;0;0;0
103.0;15;13;2;0.33333334;0.33333334;0.0;0.0;0.0;204;0.33333334;0.33333334;2;0;0;0;0
104.0;20;9;30;1.0;1.0;1.0;1.0;0.0989990234375;3060;1.0;1.0;30;0;0;0;0
105.0;14;2;4;0.103896104;0.025974026;0.38354295;0.19879583;0.0989990234375;408;0.09399032;0.029051552;4;0;0;0;0
105.0;16;15;54;0.35064936;0.35064936;0.4056348;0.4056348;0.20200347900390625;5508;0.39219597;0.39219597;54;0;0;0;0
105.0;19;6;17;0.11038961;0.11038961;0.008027822;0.008027822;0.003997802734375;1734;0.1234691;0.1234691;17;0;0;0;0
105.0;11;19;15;0.097402595;0.097402595;0.008027822;0.008027822;0.003997802734375;1530;0.10894332;0.10894332;15;0;0;0;0
105.0;2;14;23;0.14935064;0.14935064;0.18071792;0.18071792;0.089996337890625;1748;0.124465965;0.124465965;0;0;23;0;0
105.0;14;10;12;0.103896104;0.077922076;0.38354295;0.18474714;0.09200286865234375;912;0.09399032;0.06493876;0;0;12;0;0
105.0;10;0;29;0.18831168;0.18831168;0.014048688;0.014048688;0.00699615478515625;2204;0.15693535;0.15693535;0;0;29;0;0
106.0;9;5;18;0.64285713;0.64285713;0.4731337;0.4731337;0.08800506591796875;1836;0.64285713;0.64285713;18;0;0;0;0
106.0;1;18;10;0.35714287;0.35714287;0.52686626;0.52686626;0.09799957275390625;1020;0.35714287;0.35714287;10;0;0;0;0
108.0;12;13;16;0.275;0.13333334;0.2980065;0.14592099;0.09499359130859375;1632;0.26601166;0.14847161;16;0;0;0;0
108.0;5;9;24;0.2;0.2;0.14131518;0.14131518;0.0919952392578125;2448;0.22270742;0.22270742;24;0;0;0;0
108.0;6;8;18;0.15;0.29166666;0.14286217;0.29494768;0.0930023193359375;1836;0.16703057;0.2845706;18;0;0;0;0
108.0;8;3;14;0.11666667;0.11666667;0.26113656;0.26113656;0.1699981689453125;1428;0.12991266;0.12991266;14;0;0;0;0
108.0;13;12;31;0.25833333;0.25833333;0.1566796;0.1566796;0.10199737548828125;2356;0.2143377;0.2143377;0;0;31;0;0
108.0;12;8;17;0.275;0.29166666;0.2980065;0.29494768;0.09900665283203125;1292;0.26601166;0.2845706;0;0;17;0;0
109.0;12;8;2;0.010362694;0.010362694;0.0019520773;0.0019520773;0.00099945068359375;152;0.010362694;0.010362694;0;0;2;0;0
109.0;8;6;30;0.15544042;0.15544042;0.015616618;0.015616618;0.00799560546875;2280;0.15544042;0.15544042;0;0;30;0;0
109.0;6;19;12;0.062176164;0.062176164;0.2246081;0.2246081;0.11499786376953125;912;0.062176164;0.062176164;0;0;12;0;0
109.0;19;11;13;0.06735751;0.06735751;0.00782321;0.00782321;0.00400543212890625;988;0.06735751;0.06735751;0;0;13;0;0
109.0;11;9;31;0.16062176;0.16062176;0.23046432;0.23046432;0.1179962158203125;2356;0.16062176;0.16062176;0;0;31;0;0
109.0;9;20;26;0.13471502;0.13471502;0.013679442;0.013679442;0.0070037841796875;1976;0.13471502;0.13471502;0;0;26;0;0
109.0;20;2;2;0.010362694;0.010362694;0.23046432;0.23046432;0.1179962158203125;152;0.010362694;0.010362694;0;0;2;0;0
109.0;2;14;37;0.19170985;0.19170985;0.017583597;0.017583597;0.009002685546875;2812;0.19170985;0.19170985;0;0;37;0;0
109.0;14;10;12;0.062176164;0.062176164;0.24804792;0.24804792;0.1269989013671875;912;0.062176164;0.062176164;0;0;12;0;0
109.0;10;0;28;0.14507772;0.14507772;0.009760386;0.009760386;0.00499725341796875;2128;0.14507772;0.14507772;0;0;28;0;0
110.0;18;1;26;0.7878788;0.7878788;0.50270134;0.50270134;0.09299468994140625;2652;0.7878788;0.7878788;26;0;0;0;0
110.0;2;20;7;0.21212122;0.21212122;0.49729863;0.49729863;0.0919952392578125;714;0.21212122;0.21212122;7;0;0;0;0
111.0;20;2;19;0.19587629;0.19587629;0.32289773;0.32289773;0.10300445556640625;1444;0.19587629;0.19587629;0;0;19;0;0
111.0;2;14;36;0.371134;0.371134;0.34482923;0.34482923;0.1100006103515625;2736;0.371134;0.371134;0;0;36;0;0
111.0;14;10;13;0.13402061;0.13402061;0.012532287;0.012532287;0.003997802734375;988;0.13402061;0.13402061;0;0;13;0;0
111.0;10;0;29;0.29896906;0.29896906;0.31974074;0.31974074;0.10199737548828125;2204;0.29896906;0.29896906;0;0;29;0;0
112.0;13;15;4;0.2857143;0.2857143;0.48874888;0.48874888;0.08699798583984375;408;0.2857143;0.2857143;4;0;0;0;0
112.0;7;4;10;0.71428573;0.71428573;0.51125115;0.51125115;0.09100341796875;1020;0.71428573;0.71428573;10;0;0;0;0
113.0;15;13;28;0.10294118;0.10294118;0.012710809;0.012710809;0.0070037841796875;2128;0.10294118;0.10294118;0;0;28;0;0
113.0;13;12;33;0.121323526;0.121323526;0.016338512;0.016338512;0.009002685546875;2508;0.121323526;0.121323526;0;0;33;0;0
113.0;12;8;19;0.06985294;0.06985294;0.19236521;0.19236521;0.10599517822265625;1444;0.06985294;0.06985294;0;0;19;0;0
113.0;8;6;31;0.113970585;0.113970585;0.0653402;0.0653402;0.03600311279296875;2356;0.113970585;0.113970585;0;0;31;0;0
113.0;6;19;11;0.040441178;0.040441178;0.007255407;0.007255407;0.003997802734375;836;0.040441178;0.040441178;0;0;11;0;0
113.0;19;11;13;0.04779412;0.04779412;0.0054554013;0.0054554013;0.0030059814453125;988;0.04779412;0.04779412;0;0;13;0;0
113.0;11;9;31;0.113970585;0.113970585;0.24318075;0.24318075;0.13399505615234375;2356;0.113970585;0.113970585;0;0;31;0;0
113.0;9;20;26;0.09558824;0.09558824;0.010896957;0.010896957;0.00600433349609375;1976;0.09558824;0.09558824;0;0;26;0;0
113.0;20;2;2;0.007352941;0.007352941;0.0;0.0;0.0;152;0.007352941;0.007352941;0;0;2;0;0
113.0;2;14;37;0.1360294;0.1360294;0.22504222;0.22504222;0.12400054931640625;2812;0.1360294;0.1360294;0;0;37;0;0
113.0;14;10;12;0.04411765;0.04411765;0.0036277035;0.0036277035;0.0019989013671875;912;0.04411765;0.04411765;0;0;12;0;0
113.0;10;0;29;0.106617644;0.106617644;0.21778682;0.21778682;0.12000274658203125;2204;0.106617644;0.106617644;0;0;29;0;0
114.0;17;21;24;1.0;1.0;1.0;1.0;0.25600433349609375;2328;1.0;1.0;24;0;0;0;0
115.0;17;21;6;0.16666667;1.0;0.33720976;1.0;0.6669998168945312;582;0.16666667;1.0;6;0;0;0;0
115.0;7;21;30;0.8333333;1.0;0.66279024;1.0;1.3109970092773438;2910;0.8333333;1.0;30;0;0;0;0
117.0;9;11;26;0.3190184;0.1595092;0.31404248;0.2957363;0.0970001220703125;2652;0.33874983;0.19411506;26;0;0;0;0
117.0;10;14;23;0.1411043;0.36809817;0.2926659;0.6463213;0.0959930419921875;2346;0.17171717;0.37754354;23;0;0;0;0
117.0;11;9;37;0.22699386;0.22699386;0.030494755;0.030494755;0.01000213623046875;2812;0.20582639;0.20582639;0;0;37;0;0
117.0;9;20;26;0.3190184;0.1595092;0.31404248;0.018306157;0.00600433349609375;1976;0.33874983;0.14463475;0;0;26;0;0
117.0;20;2;2;0.012269938;0.012269938;0.0030471494;0.0030471494;0.00099945068359375;152;0.01112575;0.01112575;0;0;2;0;0
117.0;2;14;37;0.22699386;0.36809817;0.35365543;0.6463213;0.115997314453125;2812;0.20582639;0.37754354;0;0;37;0;0
117.0;14;10;12;0.073619634;0.073619634;0.006094299;0.006094299;0.0019989013671875;912;0.066754505;0.066754505;0;0;12;0;0
118.0;3;12;8;1.0;1.0;1.0;1.0;1.0680007934570312;816;1.0;1.0;8;0;0;0;0
119.0;20;21;30;0.2244898;0.40816328;0.47945026;0.6352781;0.27700042724609375;2910;0.24724236;0.45855656;30;0;0;0;0
119.0;19;21;30;0.20408164;0.40816328;0.16096203;0.6352781;0.09400177001953125;2910;0.22927828;0.45855656;30;0;0;0;0
119.0;15;16;10;0.06802721;0.06802721;0.0034227786;0.0034227786;0.0019989013671875;1020;0.08036558;0.08036558;10;0;0;0;0
119.0;9;20;37;0.25170067;0.25170067;0.34246075;0.34246075;0.1999969482421875;2812;0.22155689;0.22155689;0;0;37;0;0
119.0;20;2;3;0.2244898;0.020408163;0.47945026;0.0051341676;0.00299835205078125;228;0.24724236;0.017964073;0;0;3;0;0
119.0;2;14;37;0.25170067;0.25170067;0.013704178;0.013704178;0.00800323486328125;2812;0.22155689;0.22155689;0;0;37;0;0
120.0;14;10;12;0.0591133;0.0591133;0.008225931;0.008225931;0.003997802734375;912;0.0591133;0.0591133;0;0;12;0;0
120.0;10;0;29;0.14285715;0.14285715;0.01646756;0.01646756;0.00800323486328125;2204;0.14285715;0.14285715;0;0;29;0;0
120.0;16;15;20;0.098522164;0.098522164;0.22222571;0.22222571;0.108001708984375;1520;0.098522164;0.098522164;0;0;20;0;0
120.0;15;13;35;0.1724138;0.1724138;0.22222571;0.22222571;0.108001708984375;2660;0.1724138;0.1724138;0;0;35;0;0
120.0;13;12;33;0.16256158;0.16256158;0.0143953785;0.0143953785;0.00699615478515625;2508;0.16256158;0.16256158;0;0;33;0;0
120.0;12;8;19;0.093596056;0.093596056;0.010282413;0.010282413;0.00499725341796875;1444;0.093596056;0.093596056;0;0;19;0;0
120.0;8;6;31;0.15270936;0.15270936;0.24486272;0.24486272;0.1190032958984375;2356;0.15270936;0.15270936;0;0;31;0;0
120.0;6;19;11;0.054187194;0.054187194;0.0041129654;0.0041129654;0.0019989013671875;836;0.054187194;0.054187194;0;0;11;0;0
120.0;19;11;13;0.06403941;0.06403941;0.2572016;0.2572016;0.125;988;0.06403941;0.06403941;0;0;13;0;0
121.0;11;9;31;0.19496855;0.19496855;0.019988665;0.019988665;0.00699615478515625;2356;0.18615676;0.18615676;0;0;31;0;0
121.0;9;20;26;0.16352202;0.16352202;0.014299416;0.014299416;0.0050048828125;1976;0.15613148;0.15613148;0;0;26;0;0
121.0;20;2;2;0.012578616;0.012578616;0.0;0.0;0.0;152;0.012010113;0.012010113;0;0;2;0;0
121.0;2;14;37;0.2327044;0.2327044;0.3514256;0.3514256;0.1230010986328125;2812;0.2221871;0.2221871;0;0;37;0;0
121.0;14;10;12;0.0754717;0.0754717;0.0085665705;0.0085665705;0.00299835205078125;912;0.07206068;0.07206068;0;0;12;0;0
121.0;10;0;29;0.18238993;0.18238993;0.34857005;0.34857005;0.12200164794921875;2204;0.17414665;0.17414665;0;0;29;0;0
121.0;4;17;22;0.13836478;0.13836478;0.2571497;0.2571497;0.09000396728515625;2244;0.1773072;0.1773072;22;0;0;0;0
122.0;17;7;13;0.65;0.65;0.11153013;0.11153013;0.0879974365234375;1326;0.65;0.65;13;0;0;0;0
122.0;5;9;7;0.35;0.35;0.8884699;0.8884699;0.7010040283203125;714;0.35;0.35;7;0;0;0;0
123.0;20;9;17;1.0;1.0;1.0;1.0;0.09400177001953125;1734;1.0;1.0;17;0;0;0;0
124.0;14;2;2;0.0625;0.0625;0.11641021;0.11641021;0.08300018310546875;204;0.0655106;0.0655106;2;0;0;0;0
124.0;16;21;30;0.9375;0.9375;0.8835898;0.8835898;0.6299972534179688;2910;0.9344894;0.9344894;30;0;0;0;0
125.0;18;16;24;0.09638554;0.09638554;0.16176122;0.16176122;0.0989990234375;1824;0.09638554;0.09638554;0;0;24;0;0
125.0;16;15;26;0.104417674;0.104417674;0.1862822;0.1862822;0.11400604248046875;1976;0.104417674;0.104417674;0;0;26;0;0
125.0;15;13;35;0.14056225;0.14056225;0.1830036;0.1830036;0.11199951171875;2660;0.14056225;0.14056225;0;0;35;0;0
125.0;13;12;33;0.13253012;0.13253012;0.01797624;0.01797624;0.0110015869140625;2508;0.13253012;0.13253012;0;0;33;0;0
125.0;12;8;19;0.07630522;0.07630522;0.20587905;0.20587905;0.12599945068359375;1444;0.07630522;0.07630522;0;0;19;0;0
125.0;8;6;31;0.124497995;0.124497995;0.0097984215;0.0097984215;0.0059967041015625;2356;0.124497995;0.124497995;0;0;31;0;0
125.0;6;19;12;0.04819277;0.04819277;0.008177818;0.008177818;0.0050048828125;912;0.04819277;0.04819277;0;0;12;0;0
125.0;19;11;13;0.052208837;0.052208837;0.0048992108;0.0048992108;0.00299835205078125;988;0.052208837;0.052208837;0;0;13;0;0
125.0;11;9;31;0.124497995;0.124497995;0.21077827;0.21077827;0.128997802734375;2356;0.124497995;0.124497995;0;0;31;0;0
125.0;9;20;25;0.10040161;0.10040161;0.011443959;0.011443959;0.0070037841796875;1900;0.10040161;0.10040161;0;0;25;0;0
126.0;20;2;3;0.019736841;0.019736841;0.0011955282;0.0011955282;0.00099945068359375;228;0.017176434;0.017176434;0;0;3;0;0
126.0;2;14;36;0.46710527;0.23684211;0.27990875;0.14474104;0.121002197265625;2736;0.47506404;0.20611723;0;0;36;0;0
126.0;15;21;30;0.19736843;0.19736843;0.14592744;0.14592744;0.1219940185546875;2910;0.21922556;0.21922556;30;0;0;0;0
126.0;14;10;13;0.08552632;0.08552632;0.005977641;0.005977641;0.00499725341796875;988;0.07443122;0.07443122;0;0;13;0;0
126.0;10;0;28;0.18421052;0.18421052;0.14115445;0.14115445;0.11800384521484375;2128;0.1603134;0.1603134;0;0;28;0;0
126.0;2;20;35;0.46710527;0.23026316;0.27990875;0.13516769;0.11299896240234375;3570;0.47506404;0.26894683;35;0;0;0;0
126.0;18;1;7;0.04605263;0.04605263;0.42583618;0.42583618;0.35599517822265625;714;0.053789362;0.053789362;7;0;0;0;0
127.0;1;18;30;0.12765957;0.12765957;0.06961424;0.06961424;0.10400390625;2280;0.123309895;0.123309895;0;0;30;0;0
127.0;18;16;24;0.10212766;0.10212766;0.26238114;0.26238114;0.391998291015625;1824;0.098647915;0.098647915;0;0;24;0;0
127.0;0;21;30;0.12765957;0.12765957;0.08500577;0.08500577;0.1269989013671875;2910;0.15738237;0.15738237;30;0;0;0;0
127.0;16;15;27;0.114893615;0.114893615;0.005356906;0.005356906;0.00800323486328125;2052;0.11097891;0.11097891;0;0;27;0;0
127.0;15;13;34;0.14468086;0.14468086;0.084336795;0.084336795;0.12599945068359375;2584;0.13975121;0.13975121;0;0;34;0;0
127.0;13;12;33;0.14042553;0.14042553;0.004682824;0.004682824;0.00699615478515625;2508;0.13564089;0.13564089;0;0;33;0;0
127.0;12;8;19;0.08085106;0.08085106;0.0026758995;0.0026758995;0.003997802734375;1444;0.07809627;0.07809627;0;0;19;0;0
127.0;8;6;31;0.1319149;0.1319149;0.0060258806;0.0060258806;0.009002685546875;2356;0.12742023;0.12742023;0;0;31;0;0
127.0;6;19;7;0.029787235;0.029787235;0.47992054;0.47992054;0.7170028686523438;532;0.02877231;0.02877231;0;0;7;0;0
128.0;6;19;5;0.067567565;0.067567565;0.004098619;0.004098619;0.0009918212890625;380;0.067567565;0.067567565;0;0;5;0;0
128.0;19;11;13;0.17567568;0.17567568;0.48351094;0.48351094;0.11700439453125;988;0.17567568;0.17567568;0;0;13;0;0
128.0;11;9;30;0.4054054;0.4054054;0.48760957;0.48760957;0.1179962158203125;2280;0.4054054;0.4054054;0;0;30;0;0
128.0;9;20;26;0.35135135;0.35135135;0.02478088;0.02478088;0.0059967041015625;1976;0.35135135;0.35135135;0;0;26;0;0
129.0;20;2;2;0.02020202;0.02020202;0.0023599777;0.0023599777;0.0019989013671875;152;0.02020202;0.02020202;0;0;2;0;0
129.0;2;14;37;0.37373737;0.37373737;0.53836316;0.53836316;0.45599365234375;2812;0.37373737;0.37373737;0;0;37;0;0
129.0;14;10;12;0.121212125;0.121212125;0.003548974;0.003548974;0.0030059814453125;912;0.121212125;0.121212125;0;0;12;0;0
129.0;10;0;48;0.4848485;0.4848485;0.4557279;0.4557279;0.3860015869140625;3648;0.4848485;0.4848485;0;0;48;0;0
130.0;14;21;30;0.37974682;0.37974682;0.34304172;0.34304172;0.093994140625;2910;0.40824917;0.40824917;30;0;0;0;0
130.0;13;15;13;0.16455697;0.16455697;0.3138609;0.3138609;0.08599853515625;1326;0.18602693;0.18602693;13;0;0;0;0
130.0;1;18;6;0.07594936;0.07594936;0.010970652;0.010970652;0.0030059814453125;612;0.08585858;0.08585858;6;0;0;0;0
130.0;17;0;30;0.37974682;0.37974682;0.33212674;0.33212674;0.09100341796875;2280;0.31986532;0.31986532;0;0;30;0;0
131.0;11;19;25;0.40875912;0.18248175;0.3527306;0.16805038;0.1009979248046875;2550;0.41428813;0.21533525;25;0;0;0;0
131.0;19;6;30;0.26277372;0.2189781;0.4492599;0.013303882;0.00799560546875;3060;0.2969093;0.2584023;30;0;0;0;0
131.0;19;11;6;0.26277372;0.04379562;0.4492599;0.43595603;0.2620086669921875;456;0.2969093;0.03850701;0;0;6;0;0
131.0;11;9;31;0.40875912;0.22627737;0.3527306;0.18468022;0.110992431640625;2356;0.41428813;0.19895288;0;0;31;0;0
131.0;9;20;26;0.18978103;0.18978103;0.011653591;0.011653591;0.0070037841796875;1976;0.16686371;0.16686371;0;0;26;0;0
131.0;20;2;2;0.01459854;0.01459854;0.0;0.0;0.0;152;0.012835669;0.012835669;0;0;2;0;0
131.0;2;14;17;0.124087594;0.124087594;0.1863559;0.1863559;0.11199951171875;1292;0.109103195;0.109103195;0;0;17;0;0
132.0;2;14;20;0.14814815;0.14814815;0.008873738;0.008873738;0.0050048828125;1520;0.14814815;0.14814815;0;0;20;0;0
132.0;14;10;12;0.08888889;0.08888889;0.005329654;0.005329654;0.0030059814453125;912;0.08888889;0.08888889;0;0;12;0;0
132.0;10;0;29;0.21481481;0.21481481;0.19857696;0.19857696;0.11199951171875;2204;0.21481481;0.21481481;0;0;29;0;0
132.0;6;19;30;0.22222222;0.22222222;0.17731245;0.17731245;0.100006103515625;2280;0.22222222;0.22222222;0;0;30;0;0
132.0;19;11;13;0.096296296;0.096296296;0.17374131;0.17374131;0.097991943359375;988;0.096296296;0.096296296;0;0;13;0;0
132.0;11;9;31;0.22962964;0.22962964;0.4361659;0.4361659;0.246002197265625;2356;0.22962964;0.22962964;0;0;31;0;0
133.0;9;20;26;0.2184874;0.2184874;0.0038292657;0.0038292657;0.0080108642578125;1976;0.21061607;0.21061607;0;0;26;0;0
133.0;2;14;36;0.30252102;0.30252102;0.05592916;0.05592916;0.11700439453125;2736;0.29162225;0.29162225;0;0;36;0;0
133.0;20;2;2;0.016806724;0.016806724;0.0;0.0;0.0;152;0.016201237;0.016201237;0;0;2;0;0
133.0;16;18;13;0.1092437;0.1092437;0.001910986;0.001910986;0.003997802734375;1326;0.14133447;0.14133447;13;0;0;0;0
133.0;14;10;13;0.1092437;0.1092437;0.0014368864;0.0014368864;0.0030059814453125;988;0.10530803;0.10530803;0;0;13;0;0
133.0;10;0;29;0.24369748;0.24369748;0.9368937;0.9368937;1.959991455078125;2204;0.23491792;0.23491792;0;0;29;0;0
135.0;15;16;31;0.5254237;0.5254237;0.57517934;0.57517934;0.2410125732421875;3162;0.53793806;0.53793806;31;0;0;0;0
135.0;2;21;28;0.47457626;0.47457626;0.42482066;0.42482066;0.178009033203125;2716;0.4620619;0.4620619;28;0;0;0;0
136.0;2;21;2;0.032258064;0.516129;0.27869847;0.60647935;0.300994873046875;194;0.03147307;0.5035691;2;0;0;0;0
136.0;12;21;30;0.48387095;0.516129;0.32778084;0.60647935;0.35400390625;2910;0.47209606;0.5035691;30;0;0;0;0
136.0;4;7;30;0.48387095;0.48387095;0.39352068;0.39352068;0.4250030517578125;3060;0.4964309;0.4964309;30;0;0;0;0
137.0;12;3;11;0.18032786;0.18032786;0.006859623;0.006859623;0.00299072265625;1122;0.1857001;0.1857001;11;0;0;0;0
137.0;6;8;14;0.22950819;0.22950819;0.2201379;0.2201379;0.095977783203125;1428;0.23634557;0.23634557;14;0;0;0;0
137.0;4;21;30;0.4918033;0.59016395;0.22482763;0.7730025;0.0980224609375;2910;0.4816286;0.5779543;30;0;0;0;0
137.0;9;21;6;0.09836066;0.59016395;0.54817486;0.7730025;0.2389984130859375;582;0.09632572;0.5779543;6;0;0;0;0
138.0;9;21;24;0.4528302;1.0;0.1561322;1.0;0.1580047607421875;2328;0.4528302;1.0;24;0;0;0;0
138.0;10;21;29;0.5471698;1.0;0.8438678;1.0;0.8539886474609375;2813;0.5471698;1.0;29;0;0;0;0
139.0;10;21;1;0.18404908;0.19018404;0.2523064;0.6261414;0.156005859375;97;0.1764706;0.23061584;1;0;0;0;0
139.0;5;9;27;0.16564417;0.16564417;0.015375948;0.015375948;0.0099945068359375;2052;0.15737402;0.15737402;0;0;27;0;0
139.0;8;21;30;0.18404908;0.19018404;0.38613582;0.6261414;0.2509918212890625;2910;0.22317663;0.23061584;30;0;0;0;0
139.0;9;20;25;0.15337424;0.15337424;0.16310242;0.16310242;0.10601806640625;1900;0.1457167;0.1457167;0;0;25;0;0
139.0;2;14;37;0.22699386;0.22699386;0.17690556;0.17690556;0.114990234375;2812;0.2156607;0.2156607;0;0;37;0;0
139.0;20;2;2;0.012269938;0.012269938;0.0015493322;0.0015493322;0.001007080078125;152;0.011657336;0.011657336;0;0;2;0;0
139.0;14;10;12;0.073619634;0.073619634;0.004624522;0.004624522;0.0030059814453125;912;0.06994402;0.06994402;0;0;12;0;0
139.0;10;0;29;0.18404908;0.17791411;0.2523064;0.012300759;0.00799560546875;2204;0.1764706;0.16903137;0;0;29;0;0
140.0;11;9;39;0.34848484;0.1969697;0.25849417;0.025442084;0.0120086669921875;2964;0.37466514;0.18905473;0;0;39;0;0
140.0;9;20;41;0.20707071;0.20707071;0.50208515;0.50208515;0.2369842529296875;3116;0.19874984;0.19874984;0;0;41;0;0
140.0;20;2;2;0.01010101;0.01010101;0.0021336437;0.0021336437;0.001007080078125;152;0.009695115;0.009695115;0;0;2;0;0
140.0;2;14;36;0.18181819;0.18181819;0.016939837;0.016939837;0.00799560546875;2736;0.17451206;0.17451206;0;0;36;0;0
140.0;14;10;11;0.055555556;0.055555556;0.006336275;0.006336275;0.00299072265625;836;0.053323127;0.053323127;0;0;11;0;0
140.0;8;6;14;0.07070707;0.07070707;0.20340736;0.20340736;0.09600830078125;1064;0.0678658;0.0678658;0;0;14;0;0
140.0;6;19;12;0.060606062;0.060606062;0.0042349594;0.0042349594;0.0019989013671875;912;0.058170684;0.058170684;0;0;12;0;0
140.0;19;11;13;0.065656565;0.065656565;0.006368603;0.006368603;0.0030059814453125;988;0.06301824;0.06301824;0;0;13;0;0
140.0;11;21;30;0.34848484;0.15151516;0.25849417;0.23305207;0.1100006103515625;2910;0.37466514;0.18561041;30;0;0;0;0
141.0;9;20;45;0.25;0.25;0.013236511;0.013236511;0.010986328125;3420;0.25;0.25;0;0;45;0;0
141.0;14;10;10;0.055555556;0.055555556;0.0024083096;0.0024083096;0.0019989013671875;760;0.055555556;0.055555556;0;0;10;0;0
141.0;10;0;29;0.16111112;0.16111112;0.331354;0.331354;0.2750244140625;2204;0.16111112;0.16111112;0;0;29;0;0
141.0;20;2;2;0.011111111;0.011111111;0.013254895;0.013254895;0.0110015869140625;152;0.011111111;0.011111111;0;0;2;0;0
141.0;2;14;37;0.20555556;0.20555556;0.15663204;0.15663204;0.1300048828125;2812;0.20555556;0.20555556;0;0;37;0;0
141.0;3;8;25;0.1388889;0.1388889;0.008419892;0.008419892;0.006988525390625;1900;0.1388889;0.1388889;0;0;25;0;0
141.0;8;6;31;0.17222223;0.17222223;0.33493888;0.33493888;0.2779998779296875;2356;0.17222223;0.17222223;0;0;31;0;0
141.0;6;19;1;0.0055555557;0.0055555557;0.13975549;0.13975549;0.115997314453125;76;0.0055555557;0.0055555557;0;0;1;0;0
142.0;6;19;10;0.03773585;0.03773585;0.004440037;0.004440037;0.0030059814453125;760;0.03773585;0.03773585;0;0;10;0;0
142.0;19;11;13;0.049056605;0.049056605;0.0029750501;0.0029750501;0.00201416015625;988;0.049056605;0.049056605;0;0;13;0;0
142.0;11;9;31;0.116981134;0.116981134;0.18463342;0.18463342;0.125;2356;0.116981134;0.116981134;0;0;31;0;0
142.0;9;20;26;0.09811321;0.09811321;0.008857536;0.008857536;0.0059967041015625;1976;0.09811321;0.09811321;0;0;26;0;0
142.0;20;2;2;0.00754717;0.00754717;0.0014875251;0.0014875251;0.001007080078125;152;0.00754717;0.00754717;0;0;2;0;0
142.0;2;14;37;0.13962264;0.13962264;0.011832586;0.011832586;0.0080108642578125;2812;0.13962264;0.13962264;0;0;37;0;0
142.0;14;10;103;0.38867924;0.38867924;0.3869819;0.3869819;0.261993408203125;7828;0.38867924;0.38867924;0;0;103;0;0
142.0;12;8;17;0.064150944;0.064150944;0.005905024;0.005905024;0.003997802734375;1292;0.064150944;0.064150944;0;0;17;0;0
142.0;8;6;26;0.09811321;0.09811321;0.39288694;0.39288694;0.2659912109375;1976;0.09811321;0.09811321;0;0;26;0;0
143.0;8;6;5;0.029761905;0.029761905;0.0055609243;0.0055609243;0.0050048828125;380;0.028375149;0.028375149;0;0;5;0;0
143.0;6;19;11;0.065476194;0.065476194;0.002220979;0.002220979;0.0019989013671875;836;0.06242533;0.06242533;0;0;11;0;0
143.0;19;11;14;0.083333336;0.22619048;0.002220979;0.008883916;0.0019989013671875;1064;0.07945042;0.26224613;0;0;14;0;0
143.0;11;9;30;0.17857143;0.17857143;0.008883916;0.008883916;0.00799560546875;2280;0.1702509;0.1702509;0;0;30;0;0
143.0;9;20;26;0.29761904;0.15476191;0.14110845;0.13444552;0.121002197265625;1976;0.33034647;0.14755078;0;0;26;0;0
143.0;20;2;2;0.011904762;0.011904762;0.0;0.0;0.0;152;0.01135006;0.01135006;0;0;2;0;0
143.0;2;14;43;0.2559524;0.2559524;0.30000168;0.30000168;0.2700042724609375;3268;0.24402629;0.24402629;0;0;43;0;0
143.0;9;11;24;0.29761904;0.22619048;0.14110845;0.008883916;0.0059967041015625;2448;0.33034647;0.26224613;24;0;0;0;0
143.0;10;0;13;0.077380955;0.077380955;0.54000306;0.54000306;0.4860076904296875;988;0.07377539;0.07377539;0;0;13;0;0
144.0;10;0;33;0.39285713;0.39285713;0.43249518;0.43249518;0.2530059814453125;2508;0.39285713;0.39285713;0;0;33;0;0
144.0;2;14;38;0.45238096;0.45238096;0.5623924;0.5623924;0.3289947509765625;2888;0.45238096;0.45238096;0;0;38;0;0
144.0;14;10;13;0.15476191;0.15476191;0.0051124212;0.0051124212;0.00299072265625;988;0.15476191;0.15476191;0;0;13;0;0
145.0;10;0;46;0.24598931;0.24598931;0.024031138;0.024031138;0.01300048828125;3496;0.23554777;0.23554777;0;0;46;0;0
145.0;5;21;30;0.16042781;0.16042781;0.7578834;0.7578834;0.410003662109375;2910;0.19606522;0.19606522;30;0;0;0;0
145.0;19;11;16;0.0855615;0.0855615;0.005556496;0.005556496;0.0030059814453125;1216;0.08192966;0.08192966;0;0;16;0;0
145.0;11;9;30;0.16042781;0.16042781;0.18483105;0.18483105;0.0999908447265625;2280;0.15361811;0.15361811;0;0;30;0;0
145.0;9;20;26;0.13903743;0.13903743;0.011084786;0.011084786;0.0059967041015625;1976;0.13313569;0.13313569;0;0;26;0;0
145.0;20;2;3;0.01604278;0.01604278;0.0036949287;0.0036949287;0.0019989013671875;228;0.015361811;0.015361811;0;0;3;0;0
145.0;2;14;36;0.19251336;0.19251336;0.012918147;0.012918147;0.006988525390625;2736;0.18434173;0.18434173;0;0;36;0;0
146.0;14;10;13;0.1884058;0.1884058;0.030285517;0.030285517;0.003997802734375;988;0.16616213;0.16616213;0;0;13;0;0
146.0;10;0;29;0.8115942;0.42028984;0.96971446;0.05305745;0.0070037841796875;2204;0.83383787;0.37066936;0;0;29;0;0
146.0;10;14;27;0.8115942;0.39130434;0.96971446;0.91665703;0.121002197265625;2754;0.83383787;0.4631685;27;0;0;0;0
147.0;8;12;14;1.0;1.0;1.0;1.0;1.0600128173828125;1428;1.0;1.0;14;0;0;0;0
148.0;6;21;30;1.0;1.0;1.0;1.0;0.7919921875;2910;1.0;1.0;30;0;0;0;0
149.0;3;21;30;0.5;1.0;0.40893167;1.0;0.58599853515625;2910;0.5;1.0;30;0;0;0;0
149.0;18;21;30;0.5;1.0;0.5910683;1.0;0.8470001220703125;2910;0.5;1.0;30;0;0;0;0
150.0;7;17;25;0.65789473;0.65789473;0.29180968;0.29180968;0.09600830078125;2550;0.6691157;0.6691157;25;0;0;0;0
150.0;13;21;13;0.34210527;0.34210527;0.7081903;0.7081903;0.233001708984375;1261;0.33088428;0.33088428;13;0;0;0;0
151.0;13;21;18;0.45;0.45;0.3358108;0.3358108;0.09100341796875;1746;0.437594;0.437594;18;0;0;0;0
151.0;2;20;11;0.275;0.275;0.32100224;0.32100224;0.0869903564453125;1122;0.281203;0.281203;11;0;0;0;0
151.0;11;19;11;0.275;0.275;0.34318694;0.34318694;0.0930023193359375;1122;0.281203;0.281203;11;0;0;0;0
152.0;1;21;30;1.0;1.0;1.0;1.0;0.884002685546875;2910;1.0;1.0;30;0;0;0;0
153.0;3;12;31;1.0;1.0;1.0;1.0;1.477996826171875;3162;1.0;1.0;31;0;0;0;0
154.0;5;9;24;0.96;0.96;0.730114;0.730114;0.2570037841796875;2448;0.96;0.96;24;0;0;0;0
154.0;16;18;1;0.04;0.04;0.269886;0.269886;0.095001220703125;102;0.04;0.04;1;0;0;0;0
155.0;16;18;2;0.1;0.1;0.010664479;0.010664479;0.0009918212890625;204;0.1;0.1;2;0;0;0;0
155.0;6;8;18;0.9;0.9;0.98933554;0.98933554;0.092010498046875;1836;0.9;0.9;18;0;0;0;0
156.0;19;6;21;1.0;1.0;1.0;1.0;0.81500244140625;2142;1.0;1.0;21;0;0;0;0
157.0;6;19;23;0.38333333;0.38333333;0.52709913;0.52709913;0.10699462890625;1748;0.38333333;0.38333333;0;0;23;0;0
157.0;19;11;13;0.21666667;0.21666667;0.44335863;0.44335863;0.089996337890625;988;0.21666667;0.21666667;0;0;13;0;0
157.0;11;9;24;0.4;0.4;0.029542208;0.029542208;0.0059967041015625;1824;0.4;0.4;0;0;24;0;0
